Workbook

Sheet Dashboard
B2: Análise Financeira M-Pesa
B3: Baseado no modelo analítico Monex | Ano Corrente
B5: TOTAL ENTRADAS | F5: TOTAL SAÍDAS | J5: SALDO LÍQUIDO
B6: ='Dados M-Pesa'!B7 | F6: ='Dados M-Pesa'!C7 | J6: =B6-F6
B7: +8.7% | F7: -6.3% | J7: +21.4%
B9: Resumo dos Fluxos de Caixa
B10: Mês | C10: Entradas | D10: Saídas | E10: Líquido
B11: ='Dados M-Pesa'!A2 | C11: ='Dados M-Pesa'!B2 | D11: ='Dados M-Pesa'!C2 | E11: =C11-D11
B12: ='Dados M-Pesa'!A3 | C12: ='Dados M-Pesa'!B3 | D12: ='Dados M-Pesa'!C3 | E12: =C12-D12
B13: ='Dados M-Pesa'!A4 | C13: ='Dados M-Pesa'!B4 | D13: ='Dados M-Pesa'!C4 | E13: =C13-D13
B14: ='Dados M-Pesa'!A5 | C14: ='Dados M-Pesa'!B5 | D14: ='Dados M-Pesa'!C5 | E14: =C14-D14
B15: ='Dados M-Pesa'!A6 | C15: ='Dados M-Pesa'!B6 | D15: ='Dados M-Pesa'!C6 | E15: =C15-D15
B16: ='Dados M-Pesa'!A7 | C16: ='Dados M-Pesa'!B7 | D16: ='Dados M-Pesa'!C7 | E16: =C16-D16
B17: ='Dados M-Pesa'!A8 | C17: ='Dados M-Pesa'!B8 | D17: ='Dados M-Pesa'!C8 | E17: =C17-D17
B18: ='Dados M-Pesa'!A9 | C18: ='Dados M-Pesa'!B9 | D18: ='Dados M-Pesa'!C9 | E18: =C18-D18
B19: ='Dados M-Pesa'!A10 | C19: ='Dados M-Pesa'!B10 | D19: ='Dados M-Pesa'!C10 | E19: =C19-D19
B20: ='Dados M-Pesa'!A11 | C20: ='Dados M-Pesa'!B11 | D20: ='Dados M-Pesa'!C11 | E20: =C20-D20
B21: ='Dados M-Pesa'!A12 | C21: ='Dados M-Pesa'!B12 | D21: ='Dados M-Pesa'!C12 | E21: =C21-D21
B22: ='Dados M-Pesa'!A13 | C22: ='Dados M-Pesa'!B13 | D22: ='Dados M-Pesa'!C13 | E22: =C22-D22
B23: Total Ano | C23: =SUM(C11:C22) | D23: =SUM(D11:D22) | E23: =SUM(E11:E22)

Sheet Dados M-Pesa
A1: Mês | B1: Entradas (MT) | C1: Saídas (MT) | D1: Salário (MT) | E1: Negócios (MT) | F1: Outros (MT) | G1: Levantamentos (MT) | H1: Transferências (MT) | I1: Credelec (MT) | J1: Alimentação (MT)
A2: Jan | B2: 320000 | C2: 280000 | D2: 142000 | E2: 120000 | F2: 58000 | G2: 112000 | H2: 70000 | I2: 56000 | J2: 42000
A3: Fev | B3: 310000 | C3: 290000 | D3: 142000 | E3: 110000 | F3: 58000 | G3: 116000 | H3: 72500 | I3: 58000 | J3: 43500
A4: Mar | B4: 340000 | C4: 310000 | D4: 142000 | E4: 130000 | F4: 68000 | G4: 124000 | H4: 77500 | I4: 62000 | J4: 46500
A5: Abr | B5: 305000 | C5: 295000 | D5: 142000 | E5: 100000 | F5: 63000 | G5: 118000 | H5: 73750 | I5: 59000 | J5: 44250
A6: Mai | B6: 33800.75 | C6: 32600.89 | D6: 15000 | E6: 12000 | F6: 6800.75 | G6: 13040.35 | H6: 8150.22 | I6: 6520.18 | J6: 4890.14
A7: Jun | B7: 384567.45 | C7: 328942.6 | D7: 142000 | E7: 168000 | F7: 74567.45 | G7: 131577.04 | H7: 82235.65 | I7: 65788.52 | J7: 32941.39
A8: Jul | B8: 350000 | C8: 310000 | D8: 142000 | E8: 140000 | F8: 68000 | G8: 124000 | H8: 77500 | I8: 62000 | J8: 46500
A9: Ago | B9: 360000 | C9: 315000 | D9: 142000 | E9: 145000 | F9: 73000 | G9: 126000 | H9: 78750 | I9: 63000 | J9: 47250
A10: Set | B10: 345000 | C10: 320000 | D10: 142000 | E10: 135000 | F10: 68000 | G10: 128000 | H10: 80000 | I10: 64000 | J10: 48000
A11: Out | B11: 370000 | C11: 330000 | D11: 142000 | E11: 150000 | F11: 78000 | G11: 132000 | H11: 82500 | I11: 66000 | J11: 49500
A12: Nov | B12: 365000 | C12: 325000 | D12: 142000 | E12: 148000 | F12: 75000 | G12: 130000 | H12: 81250 | I12: 65000 | J12: 48750
A13: Dez | B13: 390000 | C13: 340000 | D13: 142000 | E13: 160000 | F13: 88000 | G13: 136000 | H13: 85000 | I13: 68000 | J13: 51000
